poolAddress,
0x94b0a3d511b6ecdb17ebf877278ab030acb0a878, 
0x9928e4046d7c6513326ccea028cd3e7a91c7590a, 
0x7ce01885a13c652241ae02ea7369ee8d466802eb,
0x874376be8231dad99aabf9ef0767b3cc054c60ee, 
0x7c5a5d535871e9a3c7fd3a76d7d995792c537b57, 
0x811beed0119b4afce20d2583eb608c6f7af1954f, 
0xc3d7aa944105d3fafe07fc1822102449c916a8d0, 
0xd5ceac74e81e81995f041fd268453a6127f52a35, 
0x91f944acb1d3d3c67fbbedfb6b6a18988a1b8a91,
0x60bce13608701789ab9c8faa9b82de115ea8744d,
0xc0067d751fb1172dbab1fa003efe214ee8f419b6, 
0xfcd13ea0b906f2f87229650b8d93a51b2e839ebd, 
0x61b62c5d56ccd158a38367ef2f539668a06356ab, 
0x7f7c4a38cd2ed25e60f8db432574b3cd504199f0, 
0xb52c5f5b96a428ff13cc5e60247b73cb4e13b2d9, 
0x3041cbd36888becc7bbcbc0045e3b1f144466f5f, 